Table Names;Estado;UF;Região;Código;Título;Veículo;Data Publicação;Editoria;Coluna;Página;Mídia;Centimetragem;Tipo;Marcas;Empresa;Impacto;Categoria;Valor;Link
Nestle Cafés_Junho.xls/Matérias;São Paulo;SP;Sudeste;200;Starbucks e Nestlé podem crescer com crise de pequenas marcas;InfoMoney - SP;01/06/2020;-;-;14:35:00;Online;0;Mídia Online Nacional;Nescafé;Nestlé;Positivo;Fornecedores / Matéria Prima;5591;http://www.info4.com.br/ver/ver.asp?Yw=NTA2OA&YQ=NTA2OA&bQ=MjAw&bA=MjAw&b3JpZ2Vt=cGxhbmlsaGE&bm9tZQ=TmVzdGzpIENhZulz
Nestle Cafés_Junho.xls/Matérias;São Paulo;SP;Sudeste;203;Starbucks e Nestlé podem crescer com crise de pequenas marcas;Yahoo! Notícias - SP;01/06/2020;-;-;00:00:00;Online;0;Mídia Online Nacional;Nescafé;Nestlé;Positivo;Fornecedores / Matéria Prima;9602;http://www.info4.com.br/ver/ver.asp?Yw=NTA2OA&YQ=NTA2OA&bQ=MjAz&bA=MjAz&b3JpZ2Vt=cGxhbmlsaGE&bm9tZQ=TmVzdGzpIENhZulz
Nestle Cafés_Junho.xls/Matérias;São Paulo;SP;Sudeste;206;Starbucks e Nestlé podem crescer com crise de pequenas marcas;BOL Notícias - SP;01/06/2020;-;-;00:00:00;Online;0;Mídia Online Nacional;Nescafé;Nestlé;Positivo;Fornecedores / Matéria Prima;9602;http://www.info4.com.br/ver/ver.asp?Yw=NTA2OA&YQ=NTA2OA&bQ=MjA2&bA=MjA2&b3JpZ2Vt=cGxhbmlsaGE&bm9tZQ=TmVzdGzpIENhZulz
Nestle Cafés_Junho.xls/Matérias;São Paulo;SP;Sudeste;207;Starbucks e Nestlé podem crescer com crise de pequenas marcas;InvestMax - SP;01/06/2020;-;-;00:00:00;Online;0;Mídia Online Nacional;Nescafé;Nestlé;Positivo;Fornecedores / Matéria Prima;1478;http://www.info4.com.br/ver/ver.asp?Yw=NTA2OA&YQ=NTA2OA&bQ=MjA3&bA=MjA3&b3JpZ2Vt=cGxhbmlsaGE&bm9tZQ=TmVzdGzpIENhZulz
Nestle Cafés_Junho.xls/Matérias;São Paulo;SP;Sudeste;208;Starbucks e Nestlé podem crescer com crise de pequenas marcas;Flipboard.com (Brasil) - SP;01/06/2020;-;-;00:00:00;Online;0;Mídia Online Nacional;Nescafé;Nestlé;Positivo;Fornecedores / Matéria Prima;1478;http://www.info4.com.br/ver/ver.asp?Yw=NTA2OA&YQ=NTA2OA&bQ=MjA4&bA=MjA4&b3JpZ2Vt=cGxhbmlsaGE&bm9tZQ=TmVzdGzpIENhZulz
Nestle Cafés_Junho.xls/Matérias;Rondônia;RO;Norte;213;Starbucks e Nestlé podem crescer com crise de pequenas marcas;Portal Rondônia - RO;01/06/2020;-;-;00:00:00;Online;0;Mídia Online Nacional;Nescafé;Nestlé;Positivo;Fornecedores / Matéria Prima;1478;http://www.info4.com.br/ver/ver.asp?Yw=NTA2OA&YQ=NTA2OA&bQ=MjEz&bA=MjEz&b3JpZ2Vt=cGxhbmlsaGE&bm9tZQ=TmVzdGzpIENhZulz
Nestle Cafés_Junho.xls/Matérias;São Paulo;SP;Sudeste;214;Starbucks e Nestlé podem crescer com crise de pequenas marcas;Fábio por Deus - BRA;01/06/2020;-;-;00:00:00;Online;0;Mídia Online Nacional;Nescafé;Nestlé;Positivo;Fornecedores / Matéria Prima;1478;http://www.info4.com.br/ver/ver.asp?Yw=NTA2OA&YQ=NTA2OA&bQ=MjE0&bA=MjE0&b3JpZ2Vt=cGxhbmlsaGE&bm9tZQ=TmVzdGzpIENhZulz
Nestle Cafés_Junho.xls/Matérias;São Paulo;SP;Sudeste;215;Starbucks e Nestlé podem crescer com crise de pequenas marcas;Yahoo! Finanças - SP;01/06/2020;-;;00:00:00;Online;0;Mídia Online Nacional;Nescafé;Nestlé;Positivo;Fornecedores / Matéria Prima;9602;http://www.info4.com.br/ver/ver.asp?Yw=NTA2OA&YQ=NTA2OA&bQ=MjE1&bA=MjE1&b3JpZ2Vt=cGxhbmlsaGE&bm9tZQ=TmVzdGzpIENhZulz
Nestle Cafés_Junho.xls/Matérias;São Paulo;SP;Sudeste;216;Starbucks e Nestlé podem crescer com crise de pequenas marcas;Brazil News - SP;01/06/2020;-;-;00:00:00;Online;0;Mídia Online Nacional;Nescafé;Nestlé;Positivo;Fornecedores / Matéria Prima;1478;http://www.info4.com.br/ver/ver.asp?Yw=NTA2OA&YQ=NTA2OA&bQ=MjE2&bA=MjE2&b3JpZ2Vt=cGxhbmlsaGE&bm9tZQ=TmVzdGzpIENhZulz
Nestle Cafés_Junho.xls/Matérias;São Paulo;SP;Sudeste;237;Starbucks e Nestlé podem crescer com crise de pequenas marcas;Exame.com - SP;01/06/2020;Notícias;;17:17:29;Online;0;Mídia Online Nacional;Nescafé;Nestlé;Positivo;Fornecedores / Matéria Prima;9602;http://www.info4.com.br/ver/ver.asp?Yw=NTA2OA&YQ=NTA2OA&bQ=MjM3&bA=MjM3&b3JpZ2Vt=cGxhbmlsaGE&bm9tZQ=TmVzdGzpIENhZulz
Nestle Cafés_Junho.xls/Matérias;São Paulo;SP;Sudeste;238;Starbucks e Nestlé podem crescer com crise de pequenas marcas;UOL Notícias - SP;01/06/2020;Notícias;;12:55:20;Online;0;Mídia Online Nacional;Nescafé;Nestlé;Positivo;Fornecedores / Matéria Prima;9602;http://www.info4.com.br/ver/ver.asp?Yw=NTA2OA&YQ=NTA2OA&bQ=MjM4&bA=MjM4&b3JpZ2Vt=cGxhbmlsaGE&bm9tZQ=TmVzdGzpIENhZulz
Nestle Cafés_Junho.xls/Matérias;São Paulo;SP;Sudeste;204;Starbucks e Nestlé podem crescer com crise de pequenas marcas;NewTrade;02/06/2020;-;-;00:00:00;Online;0;Mídia Online Nacional;Nescafé;Nestlé;Positivo;Fornecedores / Matéria Prima;1478;http://www.info4.com.br/ver/ver.asp?Yw=NTA2OA&YQ=NTA2OA&bQ=MjA0&bA=MjA0&b3JpZ2Vt=cGxhbmlsaGE&bm9tZQ=TmVzdGzpIENhZulz
Nestle Cafés_Junho.xls/Matérias;Goiás;GO;Centro-Oeste;217;Starbucks e Nestlé podem crescer com crise de pequenas marcas;Bacana News - GO;02/06/2020;-;-;00:00:00;Online;0;Mídia Online Nacional;Nescafé;Nestlé;Positivo;Fornecedores / Matéria Prima;1478;http://www.info4.com.br/ver/ver.asp?Yw=NTA2OA&YQ=NTA2OA&bQ=MjE3&bA=MjE3&b3JpZ2Vt=cGxhbmlsaGE&bm9tZQ=TmVzdGzpIENhZulz
Nestle Cafés_Junho.xls/Matérias;São Paulo;SP;Sudeste;218;STARBUCKS E NESTLÉ PODEM CRESCER COM CRISE DE PEQUENAS MARCAS;Abras Brasil - SP;02/06/2020;-;-;00:00:00;Online;0;Mídia Online Nacional;Nescafé;Nestlé;Positivo;Fornecedores / Matéria Prima;1478;http://www.info4.com.br/ver/ver.asp?Yw=NTA2OA&YQ=NTA2OA&bQ=MjE4&bA=MjE4&b3JpZ2Vt=cGxhbmlsaGE&bm9tZQ=TmVzdGzpIENhZulz
Nestle Cafés_Junho.xls/Matérias;São Paulo;SP;Sudeste;205;Starbucks e Nestlé podem crescer com crise de pequenas marcas;Cocapec - SP;03/06/2020;-;-;00:00:00;Online;0;Mídia Online Nacional;Nescafé;Nestlé;Positivo;Fornecedores / Matéria Prima;1478;http://www.info4.com.br/ver/ver.asp?Yw=NTA2OA&YQ=NTA2OA&bQ=MjA1&bA=MjA1&b3JpZ2Vt=cGxhbmlsaGE&bm9tZQ=TmVzdGzpIENhZulz
Nestle Cafés_Junho.xls/Matérias;São Paulo;SP;Sudeste;209;SEIS EMPRESAS E PRODUTOS QUE SURGIRAM NA CRISE;Programa Inova 360 - NC;09/06/2020;-;;00:00:00;Online;0;Mídia Online Nacional;Nescafé;Nestlé;Positivo;Lançamentos novos Produtos / Inovações;1478;http://www.info4.com.br/ver/ver.asp?Yw=NTA2OA&YQ=NTA2OA&bQ=MjA5&bA=MjA5&b3JpZ2Vt=cGxhbmlsaGE&bm9tZQ=TmVzdGzpIENhZulz
Nestle Cafés_Junho.xls/Matérias;São Paulo;SP;Sudeste;221;Seis empresas e produtos que surgiram na crise;R7 Notícias - SP;09/06/2020;Notícias;;00:00:00;Online;0;Mídia Online Nacional;Nescafé;Nestlé;Positivo;Lançamentos novos Produtos / Inovações;9602;http://www.info4.com.br/ver/ver.asp?Yw=NTA2OA&YQ=NTA2OA&bQ=MjIx&bA=MjIx&b3JpZ2Vt=cGxhbmlsaGE&bm9tZQ=TmVzdGzpIENhZulz
Nestle Cafés_Junho.xls/Matérias;São Paulo;SP;Sudeste;211;Seis empresas e produtos que surgiram na crise;O Rolo - SP;10/06/2020;-;-;00:00:00;Online;0;Mídia Online Nacional;Nescafé;Nestlé;Positivo;Lançamentos novos Produtos / Inovações;1478;http://www.info4.com.br/ver/ver.asp?Yw=NTA2OA&YQ=NTA2OA&bQ=MjEx&bA=MjEx&b3JpZ2Vt=cGxhbmlsaGE&bm9tZQ=TmVzdGzpIENhZulz
Nestle Cafés_Junho.xls/Matérias;São Paulo;SP;Sudeste;224;Sua casa é sua nova cafeteria: moendo o café;Estadão.com - SP;11/06/2020;Paladar;-;00:00:00;Online;0;Mídia Online Nacional;Melitta;Melitta;Positivo;Lançamentos novos Produtos / Inovações;9602;http://www.info4.com.br/ver/ver.asp?Yw=NTA2OA&YQ=NTA2OA&bQ=MjI0&bA=MjI0&b3JpZ2Vt=cGxhbmlsaGE&bm9tZQ=TmVzdGzpIENhZulz
Nestle Cafés_Junho.xls/Matérias;São Paulo;SP;Sudeste;220;As Smart TVs cafeteiras e eletrodomésticos mais buscados no Brasil em maio;Showmetech Online - SP;16/06/2020;Notícias;;11:00:35;Online;0;Mídia Online Nacional;Nescafé;Nestlé;Positivo;E-Commerce;1478;http://www.info4.com.br/ver/ver.asp?Yw=NTA2OA&YQ=NTA2OA&bQ=MjIw&bA=MjIw&b3JpZ2Vt=cGxhbmlsaGE&bm9tZQ=TmVzdGzpIENhZulz
Nestle Cafés_Junho.xls/Matérias;São Paulo;SP;Sudeste;187;Cade aprova aquisição de operação de café torrado e moído da Mitsui pela 3corações;Portal Mix Vale - SP;17/06/2020;-;-;00:00:00;Online;0;Mídia Online Nacional;Três Corações;Três Corações;Positivo;Parcerias / Joint Ventures;1478;http://www.info4.com.br/ver/ver.asp?Yw=NTA2OA&YQ=NTA2OA&bQ=MTg3&bA=MTg3&b3JpZ2Vt=cGxhbmlsaGE&bm9tZQ=TmVzdGzpIENhZulz
Nestle Cafés_Junho.xls/Matérias;São Paulo;SP;Sudeste;189;Cade aprova aquisição de operação de café torrado e moído da Mitsui pela 3corações;Fusões & Aquisições - SP;17/06/2020;-;-;00:00:00;Online;0;Mídia Online Nacional;Três Corações;Três Corações;Positivo;Parcerias / Joint Ventures;1478;http://www.info4.com.br/ver/ver.asp?Yw=NTA2OA&YQ=NTA2OA&bQ=MTg5&bA=MTg5&b3JpZ2Vt=cGxhbmlsaGE&bm9tZQ=TmVzdGzpIENhZulz
Nestle Cafés_Junho.xls/Matérias;São Paulo;SP;Sudeste;185;Cade aprova compra da divisão de café torrado e moído da Mitsui Alimentos pelo Grupo 3Corações;Valor Online - SP;17/06/2020;Notícias;;15:15:25;Online;0;Mídia Online Nacional;Três Corações;Três Corações;Positivo;Parcerias / Joint Ventures;9602;http://www.info4.com.br/ver/ver.asp?Yw=NTA2OA&YQ=NTA2OA&bQ=MTg1&bA=MTg1&b3JpZ2Vt=cGxhbmlsaGE&bm9tZQ=TmVzdGzpIENhZulz
Nestle Cafés_Junho.xls/Matérias;São Paulo;SP;Sudeste;181;Cade aprova compra de divisão de industrialização de café da Mitsui alimentos pela café 3 Corações;Broadcast - SP;17/06/2020;-;-;18:37:00;Online;0;Mídia Online Nacional;Três Corações;Três Corações;Positivo;Parcerias / Joint Ventures;9602;http://www.info4.com.br/ver/ver.asp?Yw=NTA2OA&YQ=NTA2OA&bQ=MTgx&bA=MTgx&b3JpZ2Vt=cGxhbmlsaGE&bm9tZQ=TmVzdGzpIENhZulz
Nestle Cafés_Junho.xls/Matérias;São Paulo;SP;Sudeste;183;Cade aprova compra de operação de café torrado e moído da Mitsui pela 3corações;CNN Brasil Online - SP;17/06/2020;-;-;12:53:00;Online;0;Mídia Online Nacional;Três Corações;Três Corações;Positivo;Fornecedores / Matéria Prima;9602;http://www.info4.com.br/ver/ver.asp?Yw=NTA2OA&YQ=NTA2OA&bQ=MTgz&bA=MTgz&b3JpZ2Vt=cGxhbmlsaGE&bm9tZQ=TmVzdGzpIENhZulz
Nestle Cafés_Junho.xls/Matérias;Ceará;CE;Nordeste;192;Cade aprova compra dos cafés da Mitsui pela 3 Corações;O Povo Online - CE;18/06/2020;-;-;00:00:00;Online;0;Mídia Online Nacional;Três Corações;Três Corações;Positivo;Parcerias / Joint Ventures;5591;http://www.info4.com.br/ver/ver.asp?Yw=NTA2OA&YQ=NTA2OA&bQ=MTky&bA=MTky&b3JpZ2Vt=cGxhbmlsaGE&bm9tZQ=TmVzdGzpIENhZulz
Nestle Cafés_Junho.xls/Matérias;São Paulo;SP;Sudeste;195;Em meio a pandemia de Covid-19 empresas refletem sobre seus papéis na sociedade e colaboram com ações para o bem estar da população;Segs - Portal Nacional - SP;18/06/2020;Notícias;;11:26:12;Online;0;Mídia Online Nacional;Nescafé;Nestlé;Positivo;Responsabilidade Social;1478;http://www.info4.com.br/ver/ver.asp?Yw=NTA2OA&YQ=NTA2OA&bQ=MTk1&bA=MTk1&b3JpZ2Vt=cGxhbmlsaGE&bm9tZQ=TmVzdGzpIENhZulz
Nestle Cafés_Junho.xls/Matérias;São Paulo;SP;Sudeste;196;Nestlé testa máquinas de refil para cafés e ração;Promoview - SP;23/06/2020;-;-;00:00:00;Online;0;Mídia Online Nacional;Nescafé;Nestlé;Positivo;Lançamentos novos Produtos / Inovações;5591;http://www.info4.com.br/ver/ver.asp?Yw=NTA2OA&YQ=NTA2OA&bQ=MTk2&bA=MTk2&b3JpZ2Vt=cGxhbmlsaGE&bm9tZQ=TmVzdGzpIENhZulz
Nestle Cafés_Junho.xls/Matérias;São Paulo;SP;Sudeste;28;No novo normal nem tudo é novidade. É preciso entender melhor seu consumidor;SuperVarejo - SP;24/06/2020;News;;15:48:20;Online;0;Mídia Online Nacional;Nescafé;Nestlé;Positivo;Presenças em Eventos;1478;http://www.info4.com.br/ver/ver.asp?Yw=NTA2OA&YQ=NTA2OA&bQ=Mjg&bA=Mjg&b3JpZ2Vt=cGxhbmlsaGE&bm9tZQ=TmVzdGzpIENhZulz
Nestle Cafés_Junho.xls/Matérias;Ceará;CE;Nordeste;57;Ítalo Poeta e Ana Clara Rocha promovem Mega Live do São João para ajudar instituições carentes;Cearensidade - CE;25/06/2020;News;;12:01:29;Online;0;Mídia Online Nacional;Pilão;Jacobs Douwe Egberts;Positivo;Parcerias / Joint Ventures;1478;http://www.info4.com.br/ver/ver.asp?Yw=NTA2OA&YQ=NTA2OA&bQ=NTc&bA=NTc&b3JpZ2Vt=cGxhbmlsaGE&bm9tZQ=TmVzdGzpIENhZulz
Nestle Cafés_Junho.xls/Matérias;Ceará;CE;Nordeste;55;Ítalo Poeta e Ana Clara Rocha promovem Mega Live do São João para ajudar instituições carentes do Ceará;Giro na Cidade - CE;25/06/2020;-;;12:14:41;Online;0;Mídia Online Nacional;Pilão;Jacobs Douwe Egberts;Positivo;Parcerias / Joint Ventures;1478;http://www.info4.com.br/ver/ver.asp?Yw=NTA2OA&YQ=NTA2OA&bQ=NTU&bA=NTU&b3JpZ2Vt=cGxhbmlsaGE&bm9tZQ=TmVzdGzpIENhZulz
Nestle Cafés_Junho.xls/Matérias;Espírito Santo;ES;Sudeste;41;Marcelo Mansfield participa de conversa sobre humor com produtora capixaba;ES Hoje Online - ES;25/06/2020;Notícias;;06:02:30;Online;0;Mídia Online Nacional;Nescafé;Nestlé;Neutro;Campanhas de Mídia;1478;http://www.info4.com.br/ver/ver.asp?Yw=NTA2OA&YQ=NTA2OA&bQ=NDE&bA=NDE&b3JpZ2Vt=cGxhbmlsaGE&bm9tZQ=TmVzdGzpIENhZulz
Nestle Cafés_Junho.xls/Matérias;Rio de Janeiro;RJ;Sudeste;198;NESCAFÉ Dolce Gusto lança cápsula de café com infusão a frio;Notícias ao Minuto - RJ;25/06/2020;-;-;00:00:00;Online;0;Mídia Online Nacional;Nescafé;Nestlé;Positivo;Lançamentos novos Produtos / Inovações;1478;http://www.info4.com.br/ver/ver.asp?Yw=NTA2OA&YQ=NTA2OA&bQ=MTk4&bA=MTk4&b3JpZ2Vt=cGxhbmlsaGE&bm9tZQ=TmVzdGzpIENhZulz
Nestle Cafés_Junho.xls/Matérias;São Paulo;SP;Sudeste;199;Nescafé Dolce Gusto lança cápsula de café com infusão a frio;Grande Consumo - SP;25/06/2020;-;-;00:00:00;Online;0;Mídia Online Nacional;Nescafé;Nestlé;Positivo;Lançamentos novos Produtos / Inovações;1478;http://www.info4.com.br/ver/ver.asp?Yw=NTA2OA&YQ=NTA2OA&bQ=MTk5&bA=MTk5&b3JpZ2Vt=cGxhbmlsaGE&bm9tZQ=TmVzdGzpIENhZulz
Nestle Cafés_Junho.xls/Matérias;Minas Gerais;MG;Sudeste;197;Nescafé Dolce Gusto lança cápsula de café com infusão a frio em Portugal;CCCMG - MG;25/06/2020;-;-;00:00:00;Online;0;Mídia Online Nacional;Nescafé;Nestlé;Positivo;Lançamentos novos Produtos / Inovações;1478;http://www.info4.com.br/ver/ver.asp?Yw=NTA2OA&YQ=NTA2OA&bQ=MTk3&bA=MTk3&b3JpZ2Vt=cGxhbmlsaGE&bm9tZQ=TmVzdGzpIENhZulz
Nestle Cafés_Junho.xls/Matérias;São Paulo;SP;Sudeste;72;T Ó P I C O : NESCAFÉ Dolce Gusto lança cápsula de café com infusão a frio;Rede Peabirus - SP;25/06/2020;News;;16:31:29;Online;0;Mídia Online Nacional;Nescafé;Nestlé;Positivo;Lançamentos novos Produtos / Inovações;1478;http://www.info4.com.br/ver/ver.asp?Yw=NTA2OA&YQ=NTA2OA&bQ=NzI&bA=NzI&b3JpZ2Vt=cGxhbmlsaGE&bm9tZQ=TmVzdGzpIENhZulz
Nestle Cafés_Junho.xls/Matérias;Ceará;CE;Nordeste;169;Ítalo Poeta e Ana Clara promovem Mega Live do São João;Blog do Lauriberto - CE;27/06/2020;-;;08:18:21;Online;0;Blog;Pilão;Jacobs Douwe Egberts;Positivo;Parcerias / Joint Ventures;1478;http://www.info4.com.br/ver/ver.asp?Yw=NTA2OA&YQ=NTA2OA&bQ=MTY5&bA=MTY5&b3JpZ2Vt=cGxhbmlsaGE&bm9tZQ=TmVzdGzpIENhZulz
Nestle Cafés_Junho.xls/Matérias;São Paulo;SP;Sudeste;173;São Paulo Coffee Festival une café gastronomia arte música e ação social neste domingo em ação virtual;Agito - SP;27/06/2020;Notícias;;11:49:30;Online;0;Mídia Online Nacional;Nescafé;Nestlé;Positivo;Presenças em Eventos;1478;http://www.info4.com.br/ver/ver.asp?Yw=NTA2OA&YQ=NTA2OA&bQ=MTcz&bA=MTcz&b3JpZ2Vt=cGxhbmlsaGE&bm9tZQ=TmVzdGzpIENhZulz
Nestle Cafés_Junho.xls/Matérias;Espírito Santo;ES;Sudeste;223;Trazendo calor para aquecer o inverno as chaleiras preparam bebidas quentes em minutos;Kennedy em Dia - ES;27/06/2020;-;-;00:00:00;Online;0;Mídia Online Nacional;Caboclo;Jacobs Douwe Egberts;Positivo;Parcerias / Joint Ventures;1478;http://www.info4.com.br/ver/ver.asp?Yw=NTA2OA&YQ=NTA2OA&bQ=MjIz&bA=MjIz&b3JpZ2Vt=cGxhbmlsaGE&bm9tZQ=TmVzdGzpIENhZulz
Nestle Cafés_Junho.xls/Matérias;São Paulo;SP;Sudeste;222;Trazendo calor para aquecer o inverno as chaleiras preparam bebidas quentes em minutos;Terra Notícias - SP;27/06/2020;Notícias;;05:57:28;Online;0;Mídia Online Nacional;Caboclo;Jacobs Douwe Egberts;Positivo;Parcerias / Joint Ventures;9602;http://www.info4.com.br/ver/ver.asp?Yw=NTA2OA&YQ=NTA2OA&bQ=MjIy&bA=MjIy&b3JpZ2Vt=cGxhbmlsaGE&bm9tZQ=TmVzdGzpIENhZulz
Nestle Cafés_Junho.xls/Matérias;São Paulo;SP;Sudeste;263;Beto & Breno são surpreendidos pelo volume de doações durante live;Jornal Brasil Agora - SP;29/06/2020;-;;16:11:51;Online;0;Mídia Online Nacional;Três Corações;Três Corações;Positivo;Presenças em Eventos;1478;http://www.info4.com.br/ver/ver.asp?Yw=NTA2OA&YQ=NTA2OA&bQ=MjYz&bA=MjYz&b3JpZ2Vt=cGxhbmlsaGE&bm9tZQ=TmVzdGzpIENhZulz
Nestle Cafés_Junho.xls/Matérias;Minas Gerais;MG;Sudeste;270;Beto & Breno são surpreendidos pelo volume de doações durante live;BH Eventos - MG;29/06/2020;Notícias;;22:27:51;Online;0;Mídia Online Nacional;Três Corações;Três Corações;Positivo;Presenças em Eventos;1478;http://www.info4.com.br/ver/ver.asp?Yw=NTA2OA&YQ=NTA2OA&bQ=Mjcw&bA=Mjcw&b3JpZ2Vt=cGxhbmlsaGE&bm9tZQ=TmVzdGzpIENhZulz
Nestle Cafés_Junho.xls/Matérias;Distrito Federal;DF;Centro-Oeste;251;Convênio leva melhorias de gestão e produtividade a produtores capixabas;CNA Brasil - DF;29/06/2020;-;;11:39:43;Online;0;Mídia Online Nacional;Letícia;Três Corações;Positivo;Fornecedores / Matéria Prima;1478;http://www.info4.com.br/ver/ver.asp?Yw=NTA2OA&YQ=NTA2OA&bQ=MjUx&bA=MjUx&b3JpZ2Vt=cGxhbmlsaGE&bm9tZQ=TmVzdGzpIENhZulz
Nestle Cafés_Junho.xls/Matérias;São Paulo;SP;Sudeste;287;Conheça a Linha Completa de Cafés da Nestlé;Giro News - SP;30/06/2020;Notícias;;16:34:08;Online;0;Mídia Online Nacional;Nescafé;Nestlé;Positivo;Lançamentos novos Produtos / Inovações;1478;http://www.info4.com.br/ver/ver.asp?Yw=NTA2OA&YQ=NTA2OA&bQ=Mjg3&bA=Mjg3&b3JpZ2Vt=cGxhbmlsaGE&bm9tZQ=TmVzdGzpIENhZulz
Nestle Cafés_Junho.xls/Matérias;São Paulo;SP;Sudeste;281;Nestlé lança no Brasil programa para capacitar residentes de pediatria em temas de nutrição infantil;Segs - Portal Nacional - SP;30/06/2020;Notícias;;11:30:12;Online;0;Mídia Online Nacional;Nescafé;Nestlé;Positivo;Parcerias / Joint Ventures;1478;http://www.info4.com.br/ver/ver.asp?Yw=NTA2OA&YQ=NTA2OA&bQ=Mjgx&bA=Mjgx&b3JpZ2Vt=cGxhbmlsaGE&bm9tZQ=TmVzdGzpIENhZulz
Nestle Cafés_Junho.xls/Matérias;São Paulo;SP;Sudeste;312;Fusões e aquisições: conheça estas e outras oportunidades de crescimento;SuperVarejo - SP;01/07/2020;News;;10:41:32;Online;0;Mídia Online Nacional;Nescafé;Nestlé;Positivo;Presenças em Eventos;5591;http://www.info4.com.br/ver/ver.asp?Yw=NTA2OA&YQ=NTA2OA&bQ=MzEy&bA=MzEy&b3JpZ2Vt=cGxhbmlsaGE&bm9tZQ=TmVzdGzpIENhZulz
Julho_1_a_19.xls/Matérias;São Paulo;SP;Sudeste;319;Sodiê Doces presenteia clientes com lata de Nescafé Origens;E De Repente 50 (Blog) - SP;01/07/2020;-;;12:30:39;Online;0;Blog;Nescafé;Nestlé;Positivo;Campanhas de Mídia;1478;http://www.info4.com.br/ver/ver.asp?Yw=NTA2OA&YQ=NTA2OA&bQ=MzE5&bA=MzE5&b3JpZ2Vt=cGxhbmlsaGE&bm9tZQ=TmVzdGzpIENhZulz
Julho_1_a_19.xls/Matérias;São Paulo;SP;Sudeste;351;Cafeicultores de Alto Jequitibá despontam na produção de café especial;Portal do Agronegócio - SP;02/07/2020;-;;08:23:55;Online;0;Mídia Online Nacional;Três Corações;Três Corações;Positivo;Fornecedores / Matéria Prima;1478;http://www.info4.com.br/ver/ver.asp?Yw=NTA2OA&YQ=NTA2OA&bQ=MzUx&bA=MzUx&b3JpZ2Vt=cGxhbmlsaGE&bm9tZQ=TmVzdGzpIENhZulz
Julho_1_a_19.xls/Matérias;São Paulo;SP;Sudeste;358;Pilão ensina a fazer cafézinho da padoca em nova campanha;Propmark - SP;02/07/2020;Notícias;;11:56:50;Online;0;Mídia Online Nacional;Pilão;Jacobs Douwe Egberts;Positivo;Campanhas de Mídia;5591;http://www.info4.com.br/ver/ver.asp?Yw=NTA2OA&YQ=NTA2OA&bQ=MzU4&bA=MzU4&b3JpZ2Vt=cGxhbmlsaGE&bm9tZQ=TmVzdGzpIENhZulz
Julho_1_a_19.xls/Matérias;São Paulo;SP;Sudeste;346;Pilão lança homenagem a quem faz o cafezinho de todos os dias;Promoview - SP;02/07/2020;-;;03:56:44;Online;0;Mídia Online Nacional;Pilão;Jacobs Douwe Egberts;Positivo;Campanhas de Mídia;5591;http://www.info4.com.br/ver/ver.asp?Yw=NTA2OA&YQ=NTA2OA&bQ=MzQ2&bA=MzQ2&b3JpZ2Vt=cGxhbmlsaGE&bm9tZQ=TmVzdGzpIENhZulz
Julho_1_a_19.xls/Matérias;Rio Grande do Sul;RS;Sul;353;Pilão lança homenagem a quem faz o cafezinho de todos os dias;Portal Press - RS;02/07/2020;Notícias;;10:00:21;Online;0;Mídia Online Nacional;Pilão;Jacobs Douwe Egberts;Positivo;Campanhas de Mídia;1478;http://www.info4.com.br/ver/ver.asp?Yw=NTA2OA&YQ=NTA2OA&bQ=MzUz&bA=MzUz&b3JpZ2Vt=cGxhbmlsaGE&bm9tZQ=TmVzdGzpIENhZulz
Julho_1_a_19.xls/Matérias;Rio de Janeiro;RJ;Sudeste;361;Pilão lança homenagem a quem faz o cafezinho de todos os dias;Portal Fator Brasil - RJ;02/07/2020;Notícias;;12:38:20;Online;0;Mídia Online Nacional;Pilão;Jacobs Douwe Egberts;Positivo;Campanhas de Mídia;1478;http://www.info4.com.br/ver/ver.asp?Yw=NTA2OA&YQ=NTA2OA&bQ=MzYx&bA=MzYx&b3JpZ2Vt=cGxhbmlsaGE&bm9tZQ=TmVzdGzpIENhZulz
Julho_1_a_19.xls/Matérias;Goiás;GO;Centro-Oeste;345;Receitas Nestlé celebra o Dia Mundial do Chocolate 0 comentário;Arroz de Fyesta - GO;02/07/2020;-;;02:19:09;Online;0;Mídia Online Nacional;Nescafé;Nestlé;Positivo;Campanhas de Mídia;1478;http://www.info4.com.br/ver/ver.asp?Yw=NTA2OA&YQ=NTA2OA&bQ=MzQ1&bA=MzQ1&b3JpZ2Vt=cGxhbmlsaGE&bm9tZQ=TmVzdGzpIENhZulz
Julho_1_a_19.xls/Matérias;São Paulo;SP;Sudeste;424;Nestlé figura entre as empresas mais desejadas por jovens e líderes no ranking Empresas dos Sonhos 2020;Segs - Portal Nacional - SP;03/07/2020;Notícias;;14:41:51;Online;0;Mídia Online Nacional;Nescafé;Nestlé;Positivo;Institucional;1478;http://www.info4.com.br/ver/ver.asp?Yw=NTA2OA&YQ=NTA2OA&bQ=NDI0&bA=NDI0&b3JpZ2Vt=cGxhbmlsaGE&bm9tZQ=TmVzdGzpIENhZulz
Julho_1_a_19.xls/Matérias;Rio Grande do Sul;RS;Sul;406;Nestlé será a empresa da Expolive de terça-feira (7);AGAS - RS;03/07/2020;Notícias;;10:21:10;Online;0;Mídia Online Nacional;Nescafé;Nestlé;Positivo;Campanhas de Mídia;1478;http://www.info4.com.br/ver/ver.asp?Yw=NTA2OA&YQ=NTA2OA&bQ=NDA2&bA=NDA2&b3JpZ2Vt=cGxhbmlsaGE&bm9tZQ=TmVzdGzpIENhZulz
Julho_1_a_19.xls/Matérias;Ceará;CE;Nordeste;420;Sodiê Doces traz kit especial Dia do Chocolate;Blog do Lauriberto - CE;03/07/2020;-;;12:22:55;Online;0;Blog;Nescafé;Nestlé;Positivo;Campanhas de Mídia;1478;http://www.info4.com.br/ver/ver.asp?Yw=NTA2OA&YQ=NTA2OA&bQ=NDIw&bA=NDIw&b3JpZ2Vt=cGxhbmlsaGE&bm9tZQ=TmVzdGzpIENhZulz
Julho_1_a_19.xls/Matérias;Sergipe;SE;Nordeste;450;Sodiê celebra Dia Mundial do Chocolate com promoção especial;LeiaMais.ba - BA;04/07/2020;-;;11:23:17;Online;0;Mídia Online Nacional;Nescafé;Nestlé;Positivo;Campanhas de Mídia;1478;http://www.info4.com.br/ver/ver.asp?Yw=NTA2OA&YQ=NTA2OA&bQ=NDUw&bA=NDUw&b3JpZ2Vt=cGxhbmlsaGE&bm9tZQ=TmVzdGzpIENhZulz
Julho_1_a_19.xls/Matérias;Bahia;BA;Nordeste;451;Sodiê comemora com promoção do dia mundial do chocolate;Diga, Bahia! - BA;04/07/2020;Notícias;;11:41:10;Online;0;Mídia Online Nacional;Nescafé;Nestlé;Positivo;Campanhas de Mídia;1478;http://www.info4.com.br/ver/ver.asp?Yw=NTA2OA&YQ=NTA2OA&bQ=NDUx&bA=NDUx&b3JpZ2Vt=cGxhbmlsaGE&bm9tZQ=TmVzdGzpIENhZulz
Julho_1_a_19.xls/Matérias;São Paulo;SP;Sudeste;481;T Ó P I C O : Delta Cafés bateu todos os recordes de venda de cápsulas neste tempo de pandemia;Rede Peabirus - SP;05/07/2020;News;;12:32:52;Online;0;Mídia Online Nacional;Delta;NovaDelta;Positivo;Fornecedores / Matéria Prima;1478;http://www.info4.com.br/ver/ver.asp?Yw=NTA2OA&YQ=NTA2OA&bQ=NDgx&bA=NDgx&b3JpZ2Vt=cGxhbmlsaGE&bm9tZQ=TmVzdGzpIENhZulz
Julho_1_a_19.xls/Matérias;São Paulo;SP;Sudeste;479;T Ó P I C O : Já é possível beber café com infusão a frio com as cápsulas Nescafé Dolce Gusto;Rede Peabirus - SP;05/07/2020;News;;12:27:51;Online;0;Mídia Online Nacional;Nescafé;Nestlé;Positivo;Lançamentos novos Produtos / Inovações;1478;http://www.info4.com.br/ver/ver.asp?Yw=NTA2OA&YQ=NTA2OA&bQ=NDc5&bA=NDc5&b3JpZ2Vt=cGxhbmlsaGE&bm9tZQ=TmVzdGzpIENhZulz
Julho_1_a_19.xls/Matérias;Rio de Janeiro;RJ;Sudeste;509;Café delivery para Rio e São Paulo: conheça os lugares que entregam Orfeu em casa;O Globo Online - RJ;06/07/2020;Notícias;;14:30:34;Online;0;Mídia Online Nacional;Orfeu;Fazenda Sertãozinho;Positivo;Iniciativas Verticalização (Retail / Lojas);9602;http://www.info4.com.br/ver/ver.asp?Yw=NTA2OA&YQ=NTA2OA&bQ=NTA5&bA=NTA5&b3JpZ2Vt=cGxhbmlsaGE&bm9tZQ=TmVzdGzpIENhZulz
Julho_1_a_19.xls/Matérias;Bahia;BA;Nordeste;592;GASTRONOMIASodiê comemora Dia Mundial do Chocolate com promoção e brinde;Bahia Social VIP - BA;06/07/2020;-;-;00:00:00;Online;0;Mídia Online Nacional;Nescafé;Nestlé;Positivo;Campanhas de Mídia;1478;http://www.info4.com.br/ver/ver.asp?Yw=NTA2OA&YQ=NTA2OA&bQ=NTky&bA=NTky&b3JpZ2Vt=cGxhbmlsaGE&bm9tZQ=TmVzdGzpIENhZulz
Julho_1_a_19.xls/Matérias;São Paulo;SP;Sudeste;551;Sua rede tem uma mina de ouro e não está aproveitando;SuperVarejo - SP;07/07/2020;News;;11:36:40;Online;0;Mídia Online Nacional;Nescafé;Nestlé;Positivo;Campanhas de Mídia;1478;http://www.info4.com.br/ver/ver.asp?Yw=NTA2OA&YQ=NTA2OA&bQ=NTUx&bA=NTUx&b3JpZ2Vt=cGxhbmlsaGE&bm9tZQ=TmVzdGzpIENhZulz
Julho_1_a_19.xls/Matérias;São Paulo;SP;Sudeste;694;5 modelos de cafeteira para preparar um café especial em casa;Metro Jornal - SP;09/07/2020;-;;12:33:32;Online;0;Mídia Online Nacional;Nescafé;Nestlé;Positivo;Lançamentos novos Produtos / Inovações;1478;http://www.info4.com.br/ver/ver.asp?Yw=NTA2OA&YQ=NTA2OA&bQ=Njk0&bA=Njk0&b3JpZ2Vt=cGxhbmlsaGE&bm9tZQ=TmVzdGzpIENhZulz
Julho_1_a_19.xls/Matérias;Mato Grosso do Sul;MS;Centro-Oeste;672;TOP 10 melhores empresas para trabalhar no Agro;Compre Rural - MS;09/07/2020;-;;00:21:38;Online;0;Mídia Online Nacional;Três Corações;Três Corações;Positivo;Lançamentos novos Produtos / Inovações;1478;http://www.info4.com.br/ver/ver.asp?Yw=NTA2OA&YQ=NTA2OA&bQ=Njcy&bA=Njcy&b3JpZ2Vt=cGxhbmlsaGE&bm9tZQ=TmVzdGzpIENhZulz
Julho_1_a_19.xls/Matérias;São Paulo;SP;Sudeste;850;Colheita de café avança com boa qualidade;Valor Econômico - SP;11/07/2020;AGRONEGÓCIOS;-;Capa/B8;Jornal;78;Grande Imprensa;Orfeu;Fazenda Sertãozinho;Positivo;Fornecedores / Matéria Prima;78078;http://www.info4.com.br/ver/ver.asp?Yw=NTA2OA&YQ=NTA2OA&bQ=ODUw&bA=ODUw&b3JpZ2Vt=cGxhbmlsaGE&bm9tZQ=TmVzdGzpIENhZulz
Julho_1_a_19.xls/Matérias;Bahia;BA;Nordeste;830;3 Corações está dando cafeteira para quem responder três perguntas e compartilhar link #boato;Blog do Valente - BA;12/07/2020;NOTÍCIAS;;10:21:18;Online;0;Mídia Online Nacional;Nescafé;Nestlé;Neutro;Campanhas de Mídia;1478;http://www.info4.com.br/ver/ver.asp?Yw=NTA2OA&YQ=NTA2OA&bQ=ODMw&bA=ODMw&b3JpZ2Vt=cGxhbmlsaGE&bm9tZQ=TmVzdGzpIENhZulz
Julho_1_a_19.xls/Matérias;Bahia;BA;Nordeste;831;3 Corações está dando cafeteira para quem responder três perguntas e compartilhar link #boato;Blog do Valente - BA;12/07/2020;NOTÍCIAS;;10:21:18;Online;0;Mídia Online Nacional;Três Corações;Três Corações;Neutro;Campanhas de Mídia;1478;http://www.info4.com.br/ver/ver.asp?Yw=NTA2OA&YQ=NTA2OA&bQ=ODMx&bA=ODMx&b3JpZ2Vt=cGxhbmlsaGE&bm9tZQ=TmVzdGzpIENhZulz
Julho_1_a_19.xls/Matérias;Bahia;BA;Nordeste;840;A 3 corações não está dando cafeteira para quem responder três perguntas link pode roubar dados do celular;A Voz da Bahia - BA;12/07/2020;Notícias;;12:41:40;Online;0;Mídia Online Nacional;Três Corações;Três Corações;Neutro;Campanhas de Mídia;1478;http://www.info4.com.br/ver/ver.asp?Yw=NTA2OA&YQ=NTA2OA&bQ=ODQw&bA=ODQw&b3JpZ2Vt=cGxhbmlsaGE&bm9tZQ=TmVzdGzpIENhZulz
Julho_1_a_19.xls/Matérias;Bahia;BA;Nordeste;839;A 3 corações não está dando cafeteira para quem responder três perguntas link pode roubar dados do celular;A Voz da Bahia - BA;12/07/2020;Notícias;;12:41:40;Online;0;Mídia Online Nacional;Divinópolis;Três Corações;Neutro;Campanhas de Mídia;1478;http://www.info4.com.br/ver/ver.asp?Yw=NTA2OA&YQ=NTA2OA&bQ=ODM5&bA=ODM5&b3JpZ2Vt=cGxhbmlsaGE&bm9tZQ=TmVzdGzpIENhZulz
Julho_1_a_19.xls/Matérias;Bahia;BA;Nordeste;843;Nestlé promove visita virtual do novo head global de Vendas para apresentar a operação no Brasil;TI Bahia - BA;12/07/2020;-;;15:23:29;Online;0;Mídia Online Nacional;Nescafé;Nestlé;Positivo;Lançamentos novos Produtos / Inovações;1478;http://www.info4.com.br/ver/ver.asp?Yw=NTA2OA&YQ=NTA2OA&bQ=ODQz&bA=ODQz&b3JpZ2Vt=cGxhbmlsaGE&bm9tZQ=TmVzdGzpIENhZulz
Julho_1_a_19.xls/Matérias;São Paulo;SP;Sudeste;1130;Pandemia de coronavírus deve desacelerar gourmetização do café;Revista Globo Rural Online - SP;12/07/2020;-;-;07:35:00;Online;0;Mídia Online Nacional;Nescafé;Nestlé;Positivo;Lançamentos novos Produtos / Inovações;5591;http://www.info4.com.br/ver/ver.asp?Yw=NTA2OA&YQ=NTA2OA&bQ=MTEzMA&bA=MTEzMA&b3JpZ2Vt=cGxhbmlsaGE&bm9tZQ=TmVzdGzpIENhZulz
Julho_1_a_19.xls/Matérias;São Paulo;SP;Sudeste;838;T Ó P I C O : Pandemia de coronavírus deve desacelerar gourmetização do café;Rede Peabirus - SP;12/07/2020;News;;12:06:14;Online;0;Mídia Online Nacional;Nescafé;Nestlé;Positivo;Lançamentos novos Produtos / Inovações;1478;http://www.info4.com.br/ver/ver.asp?Yw=NTA2OA&YQ=NTA2OA&bQ=ODM4&bA=ODM4&b3JpZ2Vt=cGxhbmlsaGE&bm9tZQ=TmVzdGzpIENhZulz
Julho_1_a_19.xls/Matérias;São Paulo;SP;Sudeste;884;Café com leite: após conquistar Nescafé e Starbucks DPZ&T anuncia chegada de Molico;Cidade Biz - SP;13/07/2020;-;;17:19:26;Online;0;Mídia Online Nacional;Nescafé;Nestlé;Neutro;Campanhas de Mídia;1478;http://www.info4.com.br/ver/ver.asp?Yw=NTA2OA&YQ=NTA2OA&bQ=ODg0&bA=ODg0&b3JpZ2Vt=cGxhbmlsaGE&bm9tZQ=TmVzdGzpIENhZulz
Julho_1_a_19.xls/Matérias;São Paulo;SP;Sudeste;867;DPZ&T conquista conta de Molico;Inteligemcia.com - SP;13/07/2020;Notícias;;12:40:37;Online;0;Mídia Online Nacional;Nescafé;Nestlé;Neutro;Campanhas de Mídia;1478;http://www.info4.com.br/ver/ver.asp?Yw=NTA2OA&YQ=NTA2OA&bQ=ODY3&bA=ODY3&b3JpZ2Vt=cGxhbmlsaGE&bm9tZQ=TmVzdGzpIENhZulz
Julho_1_a_19.xls/Matérias;São Paulo;SP;Sudeste;861;DPZ&T conquista Molico;Vox News - SP;13/07/2020;Notícias;;10:40:57;Online;0;Mídia Online Nacional;Nescafé;Nestlé;Neutro;Campanhas de Mídia;1478;http://www.info4.com.br/ver/ver.asp?Yw=NTA2OA&YQ=NTA2OA&bQ=ODYx&bA=ODYx&b3JpZ2Vt=cGxhbmlsaGE&bm9tZQ=TmVzdGzpIENhZulz
Julho_1_a_19.xls/Matérias;São Paulo;SP;Sudeste;892;DPZ&T é a nova agência de Molico;Marcas Pelo Mundo - NCI;13/07/2020;Notícias;;21:48:11;Online;0;Mídia Online Nacional;Nescafé;Nestlé;Neutro;Campanhas de Mídia;1478;http://www.info4.com.br/ver/ver.asp?Yw=NTA2OA&YQ=NTA2OA&bQ=ODky&bA=ODky&b3JpZ2Vt=cGxhbmlsaGE&bm9tZQ=TmVzdGzpIENhZulz
Julho_1_a_19.xls/Matérias;São Paulo;SP;Sudeste;858;DPZ&T mantém ritmo de negócios e conquista conta de Molico;Propmark - SP;13/07/2020;Notícias;;09:56:10;Online;0;Mídia Online Nacional;Nescafé;Nestlé;Neutro;Campanhas de Mídia;5591;http://www.info4.com.br/ver/ver.asp?Yw=NTA2OA&YQ=NTA2OA&bQ=ODU4&bA=ODU4&b3JpZ2Vt=cGxhbmlsaGE&bm9tZQ=TmVzdGzpIENhZulz
Julho_1_a_19.xls/Matérias;São Paulo;SP;Sudeste;859;DPZ&T mantém ritmo de negócios e conquista novas marcas na crise;Propaganda & Marketing - SP;13/07/2020;AGÊNCIAS;-;Capa/27;Jornal;88;Jornais Regionais (Impresso);Nescafé;Nestlé;Neutro;Campanhas de Mídia;4591;http://www.info4.com.br/ver/ver.asp?Yw=NTA2OA&YQ=NTA2OA&bQ=ODU5&bA=ODU5&b3JpZ2Vt=cGxhbmlsaGE&bm9tZQ=TmVzdGzpIENhZulz
Julho_1_a_19.xls/Matérias;Rio Grande do Sul;RS;Sul;871;Molico escolhe sua nova agência;Portal Press - RS;13/07/2020;Notícias;;14:35:11;Online;0;Mídia Online Nacional;Nescafé;Nestlé;Neutro;Campanhas de Mídia;1478;http://www.info4.com.br/ver/ver.asp?Yw=NTA2OA&YQ=NTA2OA&bQ=ODcx&bA=ODcx&b3JpZ2Vt=cGxhbmlsaGE&bm9tZQ=TmVzdGzpIENhZulz
Julho_1_a_19.xls/Matérias;São Paulo;SP;Sudeste;875;Molico escolhe sua nova agência;ABC da Comunicação - SP;13/07/2020;-;;16:21:26;Online;0;Mídia Online Nacional;Nescafé;Nestlé;Neutro;Campanhas de Mídia;1478;http://www.info4.com.br/ver/ver.asp?Yw=NTA2OA&YQ=NTA2OA&bQ=ODc1&bA=ODc1&b3JpZ2Vt=cGxhbmlsaGE&bm9tZQ=TmVzdGzpIENhZulz
Julho_1_a_19.xls/Matérias;São Paulo;SP;Sudeste;920;3 Corações está dando cafeteira grátis em promoção no WhatsApp?;Seu Crédito Digital - SP;14/07/2020;-;;12:43:46;Online;0;Mídia Online Nacional;Nescafé;Nestlé;Neutro;Campanhas de Mídia;1478;http://www.info4.com.br/ver/ver.asp?Yw=NTA2OA&YQ=NTA2OA&bQ=OTIw&bA=OTIw&b3JpZ2Vt=cGxhbmlsaGE&bm9tZQ=TmVzdGzpIENhZulz
Julho_1_a_19.xls/Matérias;São Paulo;SP;Sudeste;921;3 Corações está dando cafeteira grátis em promoção no WhatsApp?;Seu Crédito Digital - SP;14/07/2020;-;;12:43:46;Online;0;Mídia Online Nacional;Três Corações;Três Corações;Neutro;Campanhas de Mídia;1478;http://www.info4.com.br/ver/ver.asp?Yw=NTA2OA&YQ=NTA2OA&bQ=OTIx&bA=OTIx&b3JpZ2Vt=cGxhbmlsaGE&bm9tZQ=TmVzdGzpIENhZulz
Julho_1_a_19.xls/Matérias;São Paulo;SP;Sudeste;945;7 cafeteiras super modernas que vão conquistar os fãs de café;Rolling Stone Brasil Online - SP;14/07/2020;Notícias;;17:03:56;Online;0;Mídia Online Nacional;Nescafé;Nestlé;Positivo;Lançamentos novos Produtos / Inovações;5591;http://www.info4.com.br/ver/ver.asp?Yw=NTA2OA&YQ=NTA2OA&bQ=OTQ1&bA=OTQ1&b3JpZ2Vt=cGxhbmlsaGE&bm9tZQ=TmVzdGzpIENhZulz
Julho_1_a_19.xls/Matérias;Rio de Janeiro;RJ;Sudeste;922;DPZ&T conquista conta de Molico;Portal Fator Brasil - RJ;14/07/2020;Notícias;;12:52:30;Online;0;Mídia Online Nacional;Nescafé;Nestlé;Neutro;Campanhas de Mídia;1478;http://www.info4.com.br/ver/ver.asp?Yw=NTA2OA&YQ=NTA2OA&bQ=OTIy&bA=OTIy&b3JpZ2Vt=cGxhbmlsaGE&bm9tZQ=TmVzdGzpIENhZulz
Julho_1_a_19.xls/Matérias;Rio Grande do Sul;RS;Sul;931;Multinacional suíça Nestlé lança linha de cafés com o tema Gre-Nal;GaúchaZH - RS;14/07/2020;Notícias;;14:43:47;Online;0;Mídia Online Nacional;Nescafé;Nestlé;Positivo;Lançamentos novos Produtos / Inovações;5591;http://www.info4.com.br/ver/ver.asp?Yw=NTA2OA&YQ=NTA2OA&bQ=OTMx&bA=OTMx&b3JpZ2Vt=cGxhbmlsaGE&bm9tZQ=TmVzdGzpIENhZulz
Julho_1_a_19.xls/Matérias;São Paulo;SP;Sudeste;915;Pessoas: como cuidar engajar e reter;SuperVarejo - SP;14/07/2020;News;;11:25:25;Online;0;Mídia Online Nacional;Nescafé;Nestlé;Positivo;Presenças em Eventos;1478;http://www.info4.com.br/ver/ver.asp?Yw=NTA2OA&YQ=NTA2OA&bQ=OTE1&bA=OTE1&b3JpZ2Vt=cGxhbmlsaGE&bm9tZQ=TmVzdGzpIENhZulz
Julho_1_a_19.xls/Matérias;São Paulo;SP;Sudeste;1031;Bom papo com boas receitas e gente boa estão no Imagina com Maggi novo programa da Nestlé;About - SP;16/07/2020;-;;15:47:48;Online;0;Mídia Online Nacional;Nescafé;Nestlé;Positivo;Campanhas de Mídia;1478;http://www.info4.com.br/ver/ver.asp?Yw=NTA2OA&YQ=NTA2OA&bQ=MTAzMQ&bA=MTAzMQ&b3JpZ2Vt=cGxhbmlsaGE&bm9tZQ=TmVzdGzpIENhZulz
Julho_1_a_19.xls/Matérias;São Paulo;SP;Sudeste;1022;Energia saudável de Molico agora está também na carteira de clientes da DPZ&T;About - SP;16/07/2020;-;;12:33:13;Online;0;Mídia Online Nacional;Nescafé;Nestlé;Neutro;Campanhas de Mídia;1478;http://www.info4.com.br/ver/ver.asp?Yw=NTA2OA&YQ=NTA2OA&bQ=MTAyMg&bA=MTAyMg&b3JpZ2Vt=cGxhbmlsaGE&bm9tZQ=TmVzdGzpIENhZulz
Julho_1_a_19.xls/Matérias;Ceará;CE;Nordeste;1025;Reserva da Família | Três Corações apresenta nova linha de cafés especiais no Dragão do Mar;Marcia Travessoni Galeria - CE;16/07/2020;News;;13:25:35;Online;0;Mídia Online Nacional;Santa Clara;Três Corações;Positivo;Lançamentos novos Produtos / Inovações;1478;http://www.info4.com.br/ver/ver.asp?Yw=NTA2OA&YQ=NTA2OA&bQ=MTAyNQ&bA=MTAyNQ&b3JpZ2Vt=cGxhbmlsaGE&bm9tZQ=TmVzdGzpIENhZulz
Julho_1_a_19.xls/Matérias;São Paulo;SP;Sudeste;1129;Nestlé lança laboratório de pesquisa para acelerar estudos sobre comportamento do consumidor;Segs - Portal Nacional - SP;17/07/2020;Notícias;;11:39:49;Online;0;Mídia Online Nacional;Nescafé;Nestlé;Positivo;Lançamentos novos Produtos / Inovações;1478;http://www.info4.com.br/ver/ver.asp?Yw=NTA2OA&YQ=NTA2OA&bQ=MTEyOQ&bA=MTEyOQ&b3JpZ2Vt=cGxhbmlsaGE&bm9tZQ=TmVzdGzpIENhZulz
Julho_1_a_19.xls/Matérias;São Paulo;SP;Sudeste;1099;Nestlé seleciona interessados em unidade chinesa Yinlu;Money Times - SP;17/07/2020;Notícias;;08:38:55;Online;0;Mídia Online Nacional;Nescafé;Nestlé;Positivo;Parcerias / Joint Ventures;1478;http://www.info4.com.br/ver/ver.asp?Yw=NTA2OA&YQ=NTA2OA&bQ=MTA5OQ&bA=MTA5OQ&b3JpZ2Vt=cGxhbmlsaGE&bm9tZQ=TmVzdGzpIENhZulz
Julho_1_a_19.xls/Matérias;São Paulo;SP;Sudeste;1096;Nestlé seleciona interessados em unidade chinesa Yinlu: Fontes;UOL Notícias - SP;17/07/2020;Notícias;;08:32:20;Online;0;Mídia Online Nacional;Nescafé;Nestlé;Positivo;Parcerias / Joint Ventures;9602;http://www.info4.com.br/ver/ver.asp?Yw=NTA2OA&YQ=NTA2OA&bQ=MTA5Ng&bA=MTA5Ng&b3JpZ2Vt=cGxhbmlsaGE&bm9tZQ=TmVzdGzpIENhZulz
Julho_1_a_19.xls/Matérias;São Paulo;SP;Sudeste;1098;Nestlé seleciona interessados em unidade chinesa Yinlu: Fontes;BOL Notícias - SP;17/07/2020;Notícias;;08:37:18;Online;0;Mídia Online Nacional;Nescafé;Nestlé;Positivo;Parcerias / Joint Ventures;9602;http://www.info4.com.br/ver/ver.asp?Yw=NTA2OA&YQ=NTA2OA&bQ=MTA5OA&bA=MTA5OA&b3JpZ2Vt=cGxhbmlsaGE&bm9tZQ=TmVzdGzpIENhZulz
Julho_1_a_19.xls/Matérias;São Paulo;SP;Sudeste;1101;Nestlé seleciona interessados em unidade chinesa Yinlu: Fontes;MSN Notícias - SP;17/07/2020;Notícias;;08:57:33;Online;0;Mídia Online Nacional;Nescafé;Nestlé;Positivo;Parcerias / Joint Ventures;9602;http://www.info4.com.br/ver/ver.asp?Yw=NTA2OA&YQ=NTA2OA&bQ=MTEwMQ&bA=MTEwMQ&b3JpZ2Vt=cGxhbmlsaGE&bm9tZQ=TmVzdGzpIENhZulz
Julho_1_a_19.xls/Matérias;São Paulo;SP;Sudeste;1199;Nestlé seleciona interessados em unidade chinesa Yinlu;Fusões & Aquisições - SP;19/07/2020;-;;22:04:32;Online;0;Mídia Online Nacional;Nescafé;Nestlé;Positivo;Parcerias / Joint Ventures;1478;http://www.info4.com.br/ver/ver.asp?Yw=NTA2OA&YQ=NTA2OA&bQ=MTE5OQ&bA=MTE5OQ&b3JpZ2Vt=cGxhbmlsaGE&bm9tZQ=TmVzdGzpIENhZulz
